22009838;acquisition-order-process-v14
30009878;salesforce-order-process-v14
22009839;acquisition-order-process-v14
40009889;salesforce-motf-order-process-v14
22009841;acquisition-order-process-v14
22009841;acquisition-order-process-v14
22009841;acquisition-order-process-v14
22009841;acquisition-order-process-v14
22009841;acquisition-order-process-v14
22009841;acquisition-order-process-v14
22009841;acquisition-order-process-v14
22009841;acquisition-order-process-v14
22009841;acquisition-order-process-v14
22009841;acquisition-order-process-v14
22009841;acquisition-order-process-v14
22009841;acquisition-order-process-v14
22009841;acquisition-order-process-v14
22009841;acquisition-order-process-v14
22009841;acquisition-order-process-v14
22009841;acquisition-order-process-v14
22009841;acquisition-order-process-v14
22009841;acquisition-order-process-v14
22009841;acquisition-order-process-v14
22009841;acquisition-order-process-v14
22009841;acquisition-order-process-v14
22009841;acquisition-order-process-v14
22009841;acquisition-order-process-v14
22009841;acquisition-order-process-v14
22009841;acquisition-order-process-v14
22009841;acquisition-order-process-v14
22009841;acquisition-order-process-v14
22009841;acquisition-order-process-v14
22009841;acquisition-order-process-v14
22009841;acquisition-order-process-v14
22009841;acquisition-order-process-v14
22009841;acquisition-order-process-v14
22009841;acquisition-order-process-v14
22009841;acquisition-order-process-v14
22009841;acquisition-order-process-v14
22009841;acquisition-order-process-v14
22009841;acquisition-order-process-v14
22009841;acquisition-order-process-v14
22009841;acquisition-order-process-v14
22009841;acquisition-order-process-v14
22009841;acquisition-order-process-v14
22009841;acquisition-order-process-v14
22009841;acquisition-order-process-v14
22009841;acquisition-order-process-v14
22009841;acquisition-order-process-v14
22009841;acquisition-order-process-v14
22009841;acquisition-order-process-v14
22009841;acquisition-order-process-v14
22009841;acquisition-order-process-v14
22009841;acquisition-order-process-v14
22009841;acquisition-order-process-v14
22009841;acquisition-order-process-v14
22009841;acquisition-order-process-v14
22009841;acquisition-order-process-v14
22009841;acquisition-order-process-v14
22009841;acquisition-order-process-v14
22009841;acquisition-order-process-v14
22009841;acquisition-order-process-v14
22009841;acquisition-order-process-v14
22009841;acquisition-order-process-v14
22009841;acquisition-order-process-v14
22009841;acquisition-order-process-v14
22009841;acquisition-order-process-v14
22009841;acquisition-order-process-v14
22009841;acquisition-order-process-v14
22009841;acquisition-order-process-v14
22009841;acquisition-order-process-v14
22009841;acquisition-order-process-v14
22009841;acquisition-order-process-v14
22009841;acquisition-order-process-v14
22009841;acquisition-order-process-v14
22009841;acquisition-order-process-v14
22009841;acquisition-order-process-v14
22009841;acquisition-order-process-v14
22009841;acquisition-order-process-v14
22009841;acquisition-order-process-v14
22009841;acquisition-order-process-v14
22009841;acquisition-order-process-v14
22009841;acquisition-order-process-v14
22009841;acquisition-order-process-v14
22009841;acquisition-order-process-v14
22009841;acquisition-order-process-v14
22009841;acquisition-order-process-v14
22009841;acquisition-order-process-v14
22009841;acquisition-order-process-v14
22009841;acquisition-order-process-v14
22009841;acquisition-order-process-v14
22009841;acquisition-order-process-v14
22009841;acquisition-order-process-v14
22009841;acquisition-order-process-v14
22009841;acquisition-order-process-v14
22009841;acquisition-order-process-v14
22009841;acquisition-order-process-v14
22009841;acquisition-order-process-v14
22009841;acquisition-order-process-v14
22009841;acquisition-order-process-v14
22009841;acquisition-order-process-v14
22009841;acquisition-order-process-v14
22009841;acquisition-order-process-v14
22009841;acquisition-order-process-v14
22009841;acquisition-order-process-v14
22009841;acquisition-order-process-v14
22009841;acquisition-order-process-v14
22009841;acquisition-order-process-v14
22009841;acquisition-order-process-v14
22009841;acquisition-order-process-v14
22009841;acquisition-order-process-v14
22009841;acquisition-order-process-v14
22009841;acquisition-order-process-v14
22009841;acquisition-order-process-v14
22009841;acquisition-order-process-v14
22009841;acquisition-order-process-v14
22009841;acquisition-order-process-v14
22009841;acquisition-order-process-v14
22009841;acquisition-order-process-v14
22009841;acquisition-order-process-v14
22009841;acquisition-order-process-v14
22009841;acquisition-order-process-v14
22009841;acquisition-order-process-v14
22009841;acquisition-order-process-v14
22009841;acquisition-order-process-v14
22009841;acquisition-order-process-v14
22009841;acquisition-order-process-v14
22009841;acquisition-order-process-v14
22009841;acquisition-order-process-v14
22009841;acquisition-order-process-v14
22009841;acquisition-order-process-v14
22009841;acquisition-order-process-v14
22009841;acquisition-order-process-v14
22009841;acquisition-order-process-v14
22009841;acquisition-order-process-v14
22009841;acquisition-order-process-v14
22009841;acquisition-order-process-v14
22009841;acquisition-order-process-v14
22009841;acquisition-order-process-v14
22009841;acquisition-order-process-v14
22009841;acquisition-order-process-v14
22009841;acquisition-order-process-v14
22009841;acquisition-order-process-v14
22009841;acquisition-order-process-v14
22009841;acquisition-order-process-v14
22009841;acquisition-order-process-v14
22009841;acquisition-order-process-v14
22009841;acquisition-order-process-v14
22009841;acquisition-order-process-v14
22009841;acquisition-order-process-v14
22009841;acquisition-order-process-v14
22009841;acquisition-order-process-v14
22009841;acquisition-order-process-v14
22009841;acquisition-order-process-v14
22009841;acquisition-order-process-v14
22009841;acquisition-order-process-v14
22009841;acquisition-order-process-v14
22009841;acquisition-order-process-v14
22009841;acquisition-order-process-v14
22009841;acquisition-order-process-v14
22009841;acquisition-order-process-v14
22009841;acquisition-order-process-v14
22009841;acquisition-order-process-v14
22009841;acquisition-order-process-v14
22009841;acquisition-order-process-v14
22009841;acquisition-order-process-v14
22009841;acquisition-order-process-v14
22009841;acquisition-order-process-v14
22009841;acquisition-order-process-v14
22009841;acquisition-order-process-v14
22009841;acquisition-order-process-v14
22009841;acquisition-order-process-v14
22009841;acquisition-order-process-v14
22009841;acquisition-order-process-v14
22009841;acquisition-order-process-v14
22009841;acquisition-order-process-v14
22009841;acquisition-order-process-v14
22009841;acquisition-order-process-v14
22009841;acquisition-order-process-v14
22009841;acquisition-order-process-v14
22009841;acquisition-order-process-v14
22009841;acquisition-order-process-v14
22009841;acquisition-order-process-v14
22009841;acquisition-order-process-v14
22009841;acquisition-order-process-v14
22009841;acquisition-order-process-v14
22009841;acquisition-order-process-v14
22009841;acquisition-order-process-v14
22009841;acquisition-order-process-v14
22009841;acquisition-order-process-v14
22009841;acquisition-order-process-v14
22009841;acquisition-order-process-v14
22009841;acquisition-order-process-v14
22009841;acquisition-order-process-v14
22009841;acquisition-order-process-v14
22009841;acquisition-order-process-v14
22009841;acquisition-order-process-v14
22009841;acquisition-order-process-v14
22009841;acquisition-order-process-v14
22009841;acquisition-order-process-v14
22009841;acquisition-order-process-v14
22009841;acquisition-order-process-v14
22009841;acquisition-order-process-v14
22009841;acquisition-order-process-v14
22009841;acquisition-order-process-v14
22009841;acquisition-order-process-v14
22009841;acquisition-order-process-v14
22009841;acquisition-order-process-v14
22009841;acquisition-order-process-v14
22009841;acquisition-order-process-v14
22009841;acquisition-order-process-v14
22009841;acquisition-order-process-v14
22009841;acquisition-order-process-v14
22009841;acquisition-order-process-v14
22009841;acquisition-order-process-v14
22009841;acquisition-order-process-v14
22009841;acquisition-order-process-v14
22009841;acquisition-order-process-v14
22009841;acquisition-order-process-v14
22009841;acquisition-order-process-v14
22009841;acquisition-order-process-v14
22009841;acquisition-order-process-v14
22009841;acquisition-order-process-v14
22009841;acquisition-order-process-v14
22009841;acquisition-order-process-v14
22009841;acquisition-order-process-v14
22009841;acquisition-order-process-v14
22009841;acquisition-order-process-v14
22009841;acquisition-order-process-v14
22009841;acquisition-order-process-v14
22009841;acquisition-order-process-v14
22009841;acquisition-order-process-v14
22009841;acquisition-order-process-v14
22009841;acquisition-order-process-v14
22009841;acquisition-order-process-v14
22009841;acquisition-order-process-v14
22009841;acquisition-order-process-v14
22009841;acquisition-order-process-v14
22009841;acquisition-order-process-v14
22009841;acquisition-order-process-v14
22009841;acquisition-order-process-v14
22009841;acquisition-order-process-v14
22009841;acquisition-order-process-v14
22009841;acquisition-order-process-v14
22009841;acquisition-order-process-v14
22009841;acquisition-order-process-v14
22009841;acquisition-order-process-v14
22009841;acquisition-order-process-v14
22009841;acquisition-order-process-v14
22009841;acquisition-order-process-v14
22009841;acquisition-order-process-v14
22009841;acquisition-order-process-v14
22009841;acquisition-order-process-v14
22009841;acquisition-order-process-v14
22009841;acquisition-order-process-v14
22009841;acquisition-order-process-v14
22009841;acquisition-order-process-v14
22009841;acquisition-order-process-v14
22009841;acquisition-order-process-v14
22009841;acquisition-order-process-v14
22009841;acquisition-order-process-v14
22009841;acquisition-order-process-v14
22009841;acquisition-order-process-v14
22009841;acquisition-order-process-v14
22009841;acquisition-order-process-v14
22009841;acquisition-order-process-v14
22009841;acquisition-order-process-v14
22009841;acquisition-order-process-v14
22009841;acquisition-order-process-v14
22009841;acquisition-order-process-v14
22009841;acquisition-order-process-v14
22009841;acquisition-order-process-v14
22009841;acquisition-order-process-v14
22009841;acquisition-order-process-v14
22009841;acquisition-order-process-v14
22009841;acquisition-order-process-v14
22009841;acquisition-order-process-v14
22009841;acquisition-order-process-v14
22009841;acquisition-order-process-v14
22009841;acquisition-order-process-v14
22009841;acquisition-order-process-v14
22009841;acquisition-order-process-v14
22009841;acquisition-order-process-v14
22009841;acquisition-order-process-v14
22009841;acquisition-order-process-v14
22009841;acquisition-order-process-v14
22009841;acquisition-order-process-v14
22009841;acquisition-order-process-v14
22009841;acquisition-order-process-v14
22009841;acquisition-order-process-v14
22009841;acquisition-order-process-v14
22009841;acquisition-order-process-v14
22009841;acquisition-order-process-v14
22009841;acquisition-order-process-v14
22009841;acquisition-order-process-v14
22009841;acquisition-order-process-v14
22009841;acquisition-order-process-v14
22009841;acquisition-order-process-v14
22009841;acquisition-order-process-v14
22009841;acquisition-order-process-v14
22009841;acquisition-order-process-v14
22009841;acquisition-order-process-v14
22009841;acquisition-order-process-v14
22009841;acquisition-order-process-v14
22009841;acquisition-order-process-v14
22009841;acquisition-order-process-v14
22009841;acquisition-order-process-v14
22009841;acquisition-order-process-v14
22009841;acquisition-order-process-v14
22009841;acquisition-order-process-v14
22009841;acquisition-order-process-v14
22009841;acquisition-order-process-v14
22009841;acquisition-order-process-v14
22009841;acquisition-order-process-v14
22009841;acquisition-order-process-v14
22009841;acquisition-order-process-v14
22009841;acquisition-order-process-v14
22009841;acquisition-order-process-v14
22009841;acquisition-order-process-v14
22009841;acquisition-order-process-v14
22009841;acquisition-order-process-v14
22009841;acquisition-order-process-v14
22009841;acquisition-order-process-v14
22009841;acquisition-order-process-v14
22009841;acquisition-order-process-v14
22009841;acquisition-order-process-v14
22009841;acquisition-order-process-v14
22009841;acquisition-order-process-v14
22009841;acquisition-order-process-v14
22009841;acquisition-order-process-v14
22009841;acquisition-order-process-v14
22009841;acquisition-order-process-v14
22009841;acquisition-order-process-v14
22009841;acquisition-order-process-v14
22009841;acquisition-order-process-v14
22009841;acquisition-order-process-v14
22009841;acquisition-order-process-v14
22009841;acquisition-order-process-v14
22009841;acquisition-order-process-v14
22009841;acquisition-order-process-v14
22009841;acquisition-order-process-v14
22009841;acquisition-order-process-v14
22009841;acquisition-order-process-v14
22009841;acquisition-order-process-v14
22009841;acquisition-order-process-v14
22009841;acquisition-order-process-v14
22009841;acquisition-order-process-v14
22009841;acquisition-order-process-v14
22009841;acquisition-order-process-v14
22009841;acquisition-order-process-v14
22009841;acquisition-order-process-v14
22009841;acquisition-order-process-v14
22009841;acquisition-order-process-v14
22009841;acquisition-order-process-v14
22009841;acquisition-order-process-v14
22009841;acquisition-order-process-v14
22009841;acquisition-order-process-v14
22009841;acquisition-order-process-v14
22009841;acquisition-order-process-v14
22009841;acquisition-order-process-v14
22009841;acquisition-order-process-v14
22009841;acquisition-order-process-v14
22009841;acquisition-order-process-v14
22009841;acquisition-order-process-v14
22009841;acquisition-order-process-v14
22009841;acquisition-order-process-v14
22009841;acquisition-order-process-v14
22009841;acquisition-order-process-v14
22009841;acquisition-order-process-v14
22009841;acquisition-order-process-v14
22009841;acquisition-order-process-v14
22009841;acquisition-order-process-v14
22009841;acquisition-order-process-v14
22009841;acquisition-order-process-v14
22009841;acquisition-order-process-v14
22009841;acquisition-order-process-v14
22009841;acquisition-order-process-v14
22009841;acquisition-order-process-v14
22009841;acquisition-order-process-v14
22009841;acquisition-order-process-v14
22009841;acquisition-order-process-v14
22009841;acquisition-order-process-v14
22009841;acquisition-order-process-v14
22009841;acquisition-order-process-v14
22009841;acquisition-order-process-v14
22009841;acquisition-order-process-v14
22009841;acquisition-order-process-v14
22009841;acquisition-order-process-v14
22009841;acquisition-order-process-v14
22009841;acquisition-order-process-v14
22009841;acquisition-order-process-v14
22009841;acquisition-order-process-v14
22009841;acquisition-order-process-v14
22009841;acquisition-order-process-v14
22009841;acquisition-order-process-v14
22009841;acquisition-order-process-v14
22009841;acquisition-order-process-v14
22009841;acquisition-order-process-v14
22009841;acquisition-order-process-v14
22009841;acquisition-order-process-v14
22009841;acquisition-order-process-v14
22009841;acquisition-order-process-v14
22009841;acquisition-order-process-v14
22009841;acquisition-order-process-v14
22009841;acquisition-order-process-v14
22009841;acquisition-order-process-v14
22009841;acquisition-order-process-v14
22009841;acquisition-order-process-v14
22009841;acquisition-order-process-v14
22009841;acquisition-order-process-v14
22009841;acquisition-order-process-v14
22009841;acquisition-order-process-v14
22009841;acquisition-order-process-v14
22009841;acquisition-order-process-v14
22009841;acquisition-order-process-v14
22009841;acquisition-order-process-v14
22009841;acquisition-order-process-v14
22009841;acquisition-order-process-v14
22009841;acquisition-order-process-v14
22009841;acquisition-order-process-v14
22009841;acquisition-order-process-v14
22009841;acquisition-order-process-v14
22009841;acquisition-order-process-v14
22009841;acquisition-order-process-v14
22009841;acquisition-order-process-v14
22009841;acquisition-order-process-v14
22009841;acquisition-order-process-v14
22009841;acquisition-order-process-v14
22009841;acquisition-order-process-v14
22009841;acquisition-order-process-v14
22009841;acquisition-order-process-v14
22009841;acquisition-order-process-v14
22009841;acquisition-order-process-v14
22009841;acquisition-order-process-v14
22009841;acquisition-order-process-v14
22009841;acquisition-order-process-v14
22009841;acquisition-order-process-v14
22009841;acquisition-order-process-v14
22009841;acquisition-order-process-v14
22009841;acquisition-order-process-v14
22009841;acquisition-order-process-v14
22009841;acquisition-order-process-v14
22009841;acquisition-order-process-v14
22009841;acquisition-order-process-v14
22009841;acquisition-order-process-v14
22009841;acquisition-order-process-v14
22009841;acquisition-order-process-v14
22009841;acquisition-order-process-v14
22009841;acquisition-order-process-v14
22009841;acquisition-order-process-v14
22009841;acquisition-order-process-v14
22009841;acquisition-order-process-v14
22009841;acquisition-order-process-v14
22009841;acquisition-order-process-v14
22009841;acquisition-order-process-v14
22009841;acquisition-order-process-v14
22009841;acquisition-order-process-v14
22009841;acquisition-order-process-v14
22009841;acquisition-order-process-v14
22009841;acquisition-order-process-v14
22009841;acquisition-order-process-v14
22009841;acquisition-order-process-v14
22009841;acquisition-order-process-v14
22009841;acquisition-order-process-v14
22009841;acquisition-order-process-v14
22009841;acquisition-order-process-v14
22009841;acquisition-order-process-v14
22009841;acquisition-order-process-v14
22009841;acquisition-order-process-v14
22009841;acquisition-order-process-v14
22009841;acquisition-order-process-v14
22009841;acquisition-order-process-v14
22009841;acquisition-order-process-v14
22009841;acquisition-order-process-v14
22009841;acquisition-order-process-v14
22009841;acquisition-order-process-v14
22009841;acquisition-order-process-v14
22009841;acquisition-order-process-v14
22009841;acquisition-order-process-v14
22009841;acquisition-order-process-v14
22009841;acquisition-order-process-v14
22009841;acquisition-order-process-v14
22009841;acquisition-order-process-v14
22009841;acquisition-order-process-v14
22009841;acquisition-order-process-v14
22009841;acquisition-order-process-v14
22009841;acquisition-order-process-v14
22009841;acquisition-order-process-v14
22009841;acquisition-order-process-v14
22009841;acquisition-order-process-v14
22009841;acquisition-order-process-v14
22009841;acquisition-order-process-v14
22009841;acquisition-order-process-v14
22009841;acquisition-order-process-v14
22009841;acquisition-order-process-v14
22009841;acquisition-order-process-v14
22009841;acquisition-order-process-v14
22009841;acquisition-order-process-v14
22009841;acquisition-order-process-v14
22009841;acquisition-order-process-v14
22009841;acquisition-order-process-v14
22009841;acquisition-order-process-v14
22009841;acquisition-order-process-v14
22009841;acquisition-order-process-v14
22009841;acquisition-order-process-v14
22009841;acquisition-order-process-v14
22009841;acquisition-order-process-v14
22009841;acquisition-order-process-v14
22009841;acquisition-order-process-v14
22009841;acquisition-order-process-v14
22009841;acquisition-order-process-v14
22009841;acquisition-order-process-v14
22009841;acquisition-order-process-v14
22009841;acquisition-order-process-v14
22009841;acquisition-order-process-v14
22009841;acquisition-order-process-v14
22009841;acquisition-order-process-v14
22009841;acquisition-order-process-v14
22009841;acquisition-order-process-v14
22009841;acquisition-order-process-v14
22009841;acquisition-order-process-v14
22009841;acquisition-order-process-v14
22009841;acquisition-order-process-v14
22009841;acquisition-order-process-v14
22009841;acquisition-order-process-v14
22009841;acquisition-order-process-v14
22009841;acquisition-order-process-v14
22009841;acquisition-order-process-v14
22009841;acquisition-order-process-v14
22009841;acquisition-order-process-v14
22009841;acquisition-order-process-v14
22009841;acquisition-order-process-v14
22009841;acquisition-order-process-v14
22009841;acquisition-order-process-v14
22009841;acquisition-order-process-v14
22009841;acquisition-order-process-v14
22009841;acquisition-order-process-v14
22009841;acquisition-order-process-v14
22009841;acquisition-order-process-v14
22009841;acquisition-order-process-v14
22009841;acquisition-order-process-v14
22009841;acquisition-order-process-v14
22009841;acquisition-order-process-v14
22009841;acquisition-order-process-v14
22009841;acquisition-order-process-v14
22009841;acquisition-order-process-v14
22009841;acquisition-order-process-v14
22009841;acquisition-order-process-v14
22009841;acquisition-order-process-v14
22009841;acquisition-order-process-v14
22009841;acquisition-order-process-v14
22009841;acquisition-order-process-v14
22009841;acquisition-order-process-v14
22009841;acquisition-order-process-v14
22009841;acquisition-order-process-v14
22009841;acquisition-order-process-v14
22009841;acquisition-order-process-v14
22009841;acquisition-order-process-v14
22009841;acquisition-order-process-v14
22009841;acquisition-order-process-v14
22009841;acquisition-order-process-v14
22009841;acquisition-order-process-v14
22009841;acquisition-order-process-v14
22009841;acquisition-order-process-v14
22009841;acquisition-order-process-v14
22009841;acquisition-order-process-v14
22009841;acquisition-order-process-v14
22009841;acquisition-order-process-v14
22009841;acquisition-order-process-v14
22009841;acquisition-order-process-v14
22009841;acquisition-order-process-v14
22009841;acquisition-order-process-v14
22009841;acquisition-order-process-v14
22009841;acquisition-order-process-v14
22009841;acquisition-order-process-v14
22009841;acquisition-order-process-v14
22009841;acquisition-order-process-v14
22009841;acquisition-order-process-v14
22009841;acquisition-order-process-v14
22009841;acquisition-order-process-v14
22009841;acquisition-order-process-v14
22009841;acquisition-order-process-v14
22009841;acquisition-order-process-v14
22009841;acquisition-order-process-v14
22009841;acquisition-order-process-v14
22009841;acquisition-order-process-v14
22009841;acquisition-order-process-v14
22009841;acquisition-order-process-v14
22009841;acquisition-order-process-v14
22009841;acquisition-order-process-v14
22009841;acquisition-order-process-v14
22009841;acquisition-order-process-v14
22009841;acquisition-order-process-v14
22009841;acquisition-order-process-v14
22009841;acquisition-order-process-v14
22009841;acquisition-order-process-v14
22009841;acquisition-order-process-v14
22009841;acquisition-order-process-v14
22009841;acquisition-order-process-v14
22009841;acquisition-order-process-v14
22009841;acquisition-order-process-v14
22009841;acquisition-order-process-v14
22009841;acquisition-order-process-v14
22009841;acquisition-order-process-v14
22009841;acquisition-order-process-v14
22009841;acquisition-order-process-v14
22009841;acquisition-order-process-v14
22009841;acquisition-order-process-v14
22009841;acquisition-order-process-v14
22009841;acquisition-order-process-v14
22009841;acquisition-order-process-v14
22009841;acquisition-order-process-v14
22009841;acquisition-order-process-v14
22009841;acquisition-order-process-v14
22009841;acquisition-order-process-v14
22009841;acquisition-order-process-v14
22009841;acquisition-order-process-v14
22009841;acquisition-order-process-v14
22009841;acquisition-order-process-v14
22009841;acquisition-order-process-v14
22009841;acquisition-order-process-v14
22009841;acquisition-order-process-v14
22009841;acquisition-order-process-v14
22009841;acquisition-order-process-v14
22009841;acquisition-order-process-v14
22009841;acquisition-order-process-v14
22009841;acquisition-order-process-v14
22009841;acquisition-order-process-v14
22009841;acquisition-order-process-v14
22009841;acquisition-order-process-v14
22009841;acquisition-order-process-v14
22009841;acquisition-order-process-v14
22009841;acquisition-order-process-v14
22009841;acquisition-order-process-v14
22009841;acquisition-order-process-v14
22009841;acquisition-order-process-v14
22009841;acquisition-order-process-v14
22009841;acquisition-order-process-v14
22009841;acquisition-order-process-v14
22009841;acquisition-order-process-v14
22009841;acquisition-order-process-v14
22009841;acquisition-order-process-v14
22009841;acquisition-order-process-v14
22009841;acquisition-order-process-v14
22009841;acquisition-order-process-v14
22009841;acquisition-order-process-v14
22009841;acquisition-order-process-v14
22009841;acquisition-order-process-v14
22009841;acquisition-order-process-v14
22009841;acquisition-order-process-v14
22009841;acquisition-order-process-v14
22009841;acquisition-order-process-v14
22009841;acquisition-order-process-v14
22009841;acquisition-order-process-v14
22009841;acquisition-order-process-v14
22009841;acquisition-order-process-v14
22009841;acquisition-order-process-v14
22009841;acquisition-order-process-v14
22009841;acquisition-order-process-v14
22009841;acquisition-order-process-v14
22009841;acquisition-order-process-v14
22009841;acquisition-order-process-v14
22009841;acquisition-order-process-v14
22009841;acquisition-order-process-v14
22009841;acquisition-order-process-v14
22009841;acquisition-order-process-v14
22009841;acquisition-order-process-v14
22009841;acquisition-order-process-v14
22009841;acquisition-order-process-v14
22009841;acquisition-order-process-v14
22009841;acquisition-order-process-v14
22009841;acquisition-order-process-v14
22009841;acquisition-order-process-v14
22009841;acquisition-order-process-v14
22009841;acquisition-order-process-v14
22009841;acquisition-order-process-v14
22009841;acquisition-order-process-v14
22009841;acquisition-order-process-v14
22009841;acquisition-order-process-v14
22009841;acquisition-order-process-v14
22009841;acquisition-order-process-v14
22009841;acquisition-order-process-v14
22009841;acquisition-order-process-v14
22009841;acquisition-order-process-v14
22009841;acquisition-order-process-v14
22009841;acquisition-order-process-v14
22009841;acquisition-order-process-v14
22009841;acquisition-order-process-v14
22009841;acquisition-order-process-v14
22009841;acquisition-order-process-v14
22009841;acquisition-order-process-v14
22009841;acquisition-order-process-v14
22009841;acquisition-order-process-v14
22009841;acquisition-order-process-v14
22009841;acquisition-order-process-v14
22009841;acquisition-order-process-v14
22009841;acquisition-order-process-v14
22009841;acquisition-order-process-v14
22009841;acquisition-order-process-v14
22009841;acquisition-order-process-v14
22009841;acquisition-order-process-v14
22009841;acquisition-order-process-v14
22009841;acquisition-order-process-v14
22009841;acquisition-order-process-v14
22009841;acquisition-order-process-v14
22009841;acquisition-order-process-v14
22009841;acquisition-order-process-v14
22009841;acquisition-order-process-v14
22009841;acquisition-order-process-v14
22009841;acquisition-order-process-v14
22009841;acquisition-order-process-v14
22009841;acquisition-order-process-v14
22009841;acquisition-order-process-v14
22009841;acquisition-order-process-v14
22009841;acquisition-order-process-v14
22009841;acquisition-order-process-v14
22009841;acquisition-order-process-v14
22009841;acquisition-order-process-v14
22009841;acquisition-order-process-v14
22009841;acquisition-order-process-v14
22009841;acquisition-order-process-v14
22009841;acquisition-order-process-v14
22009841;acquisition-order-process-v14
22009841;acquisition-order-process-v14
22009841;acquisition-order-process-v14
22009841;acquisition-order-process-v14
22009841;acquisition-order-process-v14
22009841;acquisition-order-process-v14
22009841;acquisition-order-process-v14
22009841;acquisition-order-process-v14
22009841;acquisition-order-process-v14
22009841;acquisition-order-process-v14
22009841;acquisition-order-process-v14
22009841;acquisition-order-process-v14
22009841;acquisition-order-process-v14
22009841;acquisition-order-process-v14
22009841;acquisition-order-process-v14
22009841;acquisition-order-process-v14
22009841;acquisition-order-process-v14
22009841;acquisition-order-process-v14
22009841;acquisition-order-process-v14
22009841;acquisition-order-process-v14
22009841;acquisition-order-process-v14
22009841;acquisition-order-process-v14
22009841;acquisition-order-process-v14
22009841;acquisition-order-process-v14
22009841;acquisition-order-process-v14
22009841;acquisition-order-process-v14
22009841;acquisition-order-process-v14
22009841;acquisition-order-process-v14
22009841;acquisition-order-process-v14
22009841;acquisition-order-process-v14
22009841;acquisition-order-process-v14
22009841;acquisition-order-process-v14
22009841;acquisition-order-process-v14
22009841;acquisition-order-process-v14
22009841;acquisition-order-process-v14
22009841;acquisition-order-process-v14
22009841;acquisition-order-process-v14
22009841;acquisition-order-process-v14
22009841;acquisition-order-process-v14
22009841;acquisition-order-process-v14
22009841;acquisition-order-process-v14
22009841;acquisition-order-process-v14
22009841;acquisition-order-process-v14
22009841;acquisition-order-process-v14
22009841;acquisition-order-process-v14
22009841;acquisition-order-process-v14
22009841;acquisition-order-process-v14
22009841;acquisition-order-process-v14
22009841;acquisition-order-process-v14
22009841;acquisition-order-process-v14
22009841;acquisition-order-process-v14
22009841;acquisition-order-process-v14
22009841;acquisition-order-process-v14
22009841;acquisition-order-process-v14
22009841;acquisition-order-process-v14
22009841;acquisition-order-process-v14
22009841;acquisition-order-process-v14
22009841;acquisition-order-process-v14
22009841;acquisition-order-process-v14
22009841;acquisition-order-process-v14
22009841;acquisition-order-process-v14
22009841;acquisition-order-process-v14
22009841;acquisition-order-process-v14
22009841;acquisition-order-process-v14
22009841;acquisition-order-process-v14
22009841;acquisition-order-process-v14
22009841;acquisition-order-process-v14
22009841;acquisition-order-process-v14
22009841;acquisition-order-process-v14
22009841;acquisition-order-process-v14
22009841;acquisition-order-process-v14
22009841;acquisition-order-process-v14
22009841;acquisition-order-process-v14
22009841;acquisition-order-process-v14
22009841;acquisition-order-process-v14
22009841;acquisition-order-process-v14
22009841;acquisition-order-process-v14
22009841;acquisition-order-process-v14
22009841;acquisition-order-process-v14
22009841;acquisition-order-process-v14
22009841;acquisition-order-process-v14
22009841;acquisition-order-process-v14
22009841;acquisition-order-process-v14
22009841;acquisition-order-process-v14
22009841;acquisition-order-process-v14
22009841;acquisition-order-process-v14
22009841;acquisition-order-process-v14
22009841;acquisition-order-process-v14
22009841;acquisition-order-process-v14
22009841;acquisition-order-process-v14
22009841;acquisition-order-process-v14
22009841;acquisition-order-process-v14
22009841;acquisition-order-process-v14
22009841;acquisition-order-process-v14
22009841;acquisition-order-process-v14
22009841;acquisition-order-process-v14
22009841;acquisition-order-process-v14
22009841;acquisition-order-process-v14
22009841;acquisition-order-process-v14
22009841;acquisition-order-process-v14
22009841;acquisition-order-process-v14
22009841;acquisition-order-process-v14
22009841;acquisition-order-process-v14
22009841;acquisition-order-process-v14
22009841;acquisition-order-process-v14
22009841;acquisition-order-process-v14
22009841;acquisition-order-process-v14
22009841;acquisition-order-process-v14
22009841;acquisition-order-process-v14
22009841;acquisition-order-process-v14
22009841;acquisition-order-process-v14
22009841;acquisition-order-process-v14
22009841;acquisition-order-process-v14
22009841;acquisition-order-process-v14
22009841;acquisition-order-process-v14
22009841;acquisition-order-process-v14
22009841;acquisition-order-process-v14
22009841;acquisition-order-process-v14
22009841;acquisition-order-process-v14
22009841;acquisition-order-process-v14
22009841;acquisition-order-process-v14
22009841;acquisition-order-process-v14
22009841;acquisition-order-process-v14
22009841;acquisition-order-process-v14
22009841;acquisition-order-process-v14
22009841;acquisition-order-process-v14
22009841;acquisition-order-process-v14
22009841;acquisition-order-process-v14
22009841;acquisition-order-process-v14
22009841;acquisition-order-process-v14
22009841;acquisition-order-process-v14
22009841;acquisition-order-process-v14
22009841;acquisition-order-process-v14
22009841;acquisition-order-process-v14
22009841;acquisition-order-process-v14
22009841;acquisition-order-process-v14
22009841;acquisition-order-process-v14
22009841;acquisition-order-process-v14
22009841;acquisition-order-process-v14
22009841;acquisition-order-process-v14
22009841;acquisition-order-process-v14
22009841;acquisition-order-process-v14
22009841;acquisition-order-process-v14
22009841;acquisition-order-process-v14
22009841;acquisition-order-process-v14
22009841;acquisition-order-process-v14
22009841;acquisition-order-process-v14
22009841;acquisition-order-process-v14
22009841;acquisition-order-process-v14
22009841;acquisition-order-process-v14
22009841;acquisition-order-process-v14
22009841;acquisition-order-process-v14
22009841;acquisition-order-process-v14
22009841;acquisition-order-process-v14
22009841;acquisition-order-process-v14
22009841;acquisition-order-process-v14
22009841;acquisition-order-process-v14
22009841;acquisition-order-process-v14
22009841;acquisition-order-process-v14
22009841;acquisition-order-process-v14
22009841;acquisition-order-process-v14
22009841;acquisition-order-process-v14
22009841;acquisition-order-process-v14
22009841;acquisition-order-process-v14
22009841;acquisition-order-process-v14
22009841;acquisition-order-process-v14
22009841;acquisition-order-process-v14
22009841;acquisition-order-process-v14
22009841;acquisition-order-process-v14
22009841;acquisition-order-process-v14
22009841;acquisition-order-process-v14
22009841;acquisition-order-process-v14
22009841;acquisition-order-process-v14
22009841;acquisition-order-process-v14
22009841;acquisition-order-process-v14
22009841;acquisition-order-process-v14
22009841;acquisition-order-process-v14
22009841;acquisition-order-process-v14
22009841;acquisition-order-process-v14
22009841;acquisition-order-process-v14
22009841;acquisition-order-process-v14
22009841;acquisition-order-process-v14
22009841;acquisition-order-process-v14
22009841;acquisition-order-process-v14
22009841;acquisition-order-process-v14
22009841;acquisition-order-process-v14
22009841;acquisition-order-process-v14
22009841;acquisition-order-process-v14
22009841;acquisition-order-process-v14
22009841;acquisition-order-process-v14
22009841;acquisition-order-process-v14
22009841;acquisition-order-process-v14
22009841;acquisition-order-process-v14
22009841;acquisition-order-process-v14
22009841;acquisition-order-process-v14
22009841;acquisition-order-process-v14
22009841;acquisition-order-process-v14
22009841;acquisition-order-process-v14
22009841;acquisition-order-process-v14
22009841;acquisition-order-process-v14
22009841;acquisition-order-process-v14
22009841;acquisition-order-process-v14
22009841;acquisition-order-process-v14
22009841;acquisition-order-process-v14
22009841;acquisition-order-process-v14
22009841;acquisition-order-process-v14
22009841;acquisition-order-process-v14
22009841;acquisition-order-process-v14
22009841;acquisition-order-process-v14
22009841;acquisition-order-process-v14
22009841;acquisition-order-process-v14
22009841;acquisition-order-process-v14
22009841;acquisition-order-process-v14
22009841;acquisition-order-process-v14
22009841;acquisition-order-process-v14
22009841;acquisition-order-process-v14
22009841;acquisition-order-process-v14
22009841;acquisition-order-process-v14
22009841;acquisition-order-process-v14
22009841;acquisition-order-process-v14
22009841;acquisition-order-process-v14
22009841;acquisition-order-process-v14
22009841;acquisition-order-process-v14
22009841;acquisition-order-process-v14
22009841;acquisition-order-process-v14
22009841;acquisition-order-process-v14
22009841;acquisition-order-process-v14
22009841;acquisition-order-process-v14
22009841;acquisition-order-process-v14
22009841;acquisition-order-process-v14
22009841;acquisition-order-process-v14
22009841;acquisition-order-process-v14
22009841;acquisition-order-process-v14
22009841;acquisition-order-process-v14
22009841;acquisition-order-process-v14
22009841;acquisition-order-process-v14
22009841;acquisition-order-process-v14
22009841;acquisition-order-process-v14
22009841;acquisition-order-process-v14
22009841;acquisition-order-process-v14
22009841;acquisition-order-process-v14
22009841;acquisition-order-process-v14
22009841;acquisition-order-process-v14
22009841;acquisition-order-process-v14
22009841;acquisition-order-process-v14
22009841;acquisition-order-process-v14
22009841;acquisition-order-process-v14
22009841;acquisition-order-process-v14
22009841;acquisition-order-process-v14
22009841;acquisition-order-process-v14
22009841;acquisition-order-process-v14
22009841;acquisition-order-process-v14
22009841;acquisition-order-process-v14
22009841;acquisition-order-process-v14
22009841;acquisition-order-process-v14
22009841;acquisition-order-process-v14
22009841;acquisition-order-process-v14
22009841;acquisition-order-process-v14
22009841;acquisition-order-process-v14
22009841;acquisition-order-process-v14
22009841;acquisition-order-process-v14
22009841;acquisition-order-process-v14
22009841;acquisition-order-process-v14
22009841;acquisition-order-process-v14
22009841;acquisition-order-process-v14
22009841;acquisition-order-process-v14
22009841;acquisition-order-process-v14
22009841;acquisition-order-process-v14
22009841;acquisition-order-process-v14
22009841;acquisition-order-process-v14
22009841;acquisition-order-process-v14
22009841;acquisition-order-process-v14
22009841;acquisition-order-process-v14
22009841;acquisition-order-process-v14
22009841;acquisition-order-process-v14
22009841;acquisition-order-process-v14
22009841;acquisition-order-process-v14
22009841;acquisition-order-process-v14
22009841;acquisition-order-process-v14
22009844;acquisition-order-process-v14
22009843;acquisition-order-process-v14